commento;LABEL personas - Luis;tipo_lista
I gestori sono molto gentili e disponibili, la colazione e' ricca e offre molti prodotti tipici e di produzione propria. La posizione in un aranceto e la vista sull'Etna sono decisamente notevoli. Qualche problema con la televisione che non riusciva a sintonizzare i canali, francamente un problema marginale. Per raggiungere le camere dal parcheggio bisogna fare un breve tratto a piedi (cinquanta metri), in caso di pioggia puo' essere scomodo, ma garantisce silenzio e tranquillita'.â€¦;Researchers;TRAINING
Ci siamo  fermati solo due notti ma Ã¨  stata una  esperienza positivissima. Location  incantevole, proprietari gentilissimi e professionali. Rapporto qualitÃ   prezzo imbattibile. Lo consiglio vivamente anche  perchÃ©  in posizione  strategica  per visitare Taormina  e dintorni pur essendo  tranquillo e silenzioso, immerso come Ã¨  in un grande aranceto. Notevole anche la colazione con dolci freschi prodotti di alta qualitÃ   . Ci torneremo  sicuramente â€¦;Value Seekers;TEST
Pasqua 2019. Tutto perfetto. Dire altro significa dimenticare qualcosa. Alessandro e la moglie cordiali e ospitali. posto tranquillo nel verde , colorato di arancione ðŸŠ e giallo ðŸ‹ Buona vacanza a tutti.;Researchers;TRAINING
Ci hanno assegnato una grande camera al piano rialzato molto pulita, arredata con gusto,  molta attenzione ai partcolari con comodissime prese usb e tv interattiva, bagno spazioso e dotato di ogni accessorio ma la vera sorpresa Ã¨ stata la colazione... torte fatte in casa e cornetti non congelati oltre alla grande simpatia di Alessandro e Laura prodighi di molti consigli. Ottimo rapporto qualitÄ prezzo. Superconsigliatissimoâ€¦;Value Seekers;TEST
ho soggiornato presso questa struttura dopo aver letto varie recensioni, che aggiungere ancora, tutto ottimo , la casa Ã¨ inserita in un aranceto e si puÃ² fare la colazione all'aperto . Le stanze e il bagno sono perfetti e pulitissimi.un grazie  a Alessandro e Laura.;Researchers;TEST
Ottima location ottima sistemazione. Una perfetta sistemazione per chi vuole visitare Taormina e dintorni. Facile da raggiungere.Stanza perfetta ed ampia. Nulla da eccepire. Servizio ottimo e prima colazione molto soddisfacente.Un punteggio pieno a 5 stelle !Alla prossima;Independent Travelers;TEST
Ne avrei date 10,100,1000 di stelle ma il massimo Ã¨ 5....solo di cortesia da parte di Laura e Alessandro e dalla simpatia del mitico amico a 4 zampe....ci hanno aiutato a trovare tutte le localitÃ  indicandoci le vie da percorrere e sempre disponibili a tutto pur di aiutarci essendo la prima volta in Sicilia!!!! Appena arrivate ci siamo trovate immerse da aranceti dal profumo fantastico, camera con visuale panoramica e difronte a noi l Etna... Lontane dal caos cittadino, abbiamo respirato pace e tranquillitÃ !!!! camere ampie, pulizia eccellente, colazione ricca di tutto, dal dolce al salato!!! Rapporto qualitÃ  prezzo ottimo!!!! Sarei rimasta volentieri un altra settimana!!!! Davvero davvero tutto fantastico;Social Travelers;TEST
Da subito abbiamo riscontrato gran cortesia e disponibilitÃ  da parte di Alessandro, dalla fase della prenotazione al ricevimento in struttura. Gentilissima la moglie e simpaticissimi, una gran accoppiata. Disponibilissimi anche nell'indicarci spiagge e paesi da visitare e locali dove poter cenare con piatti locali. Camere pulite e colazione abbondante. il Top. Grazie mille per il splendido soggiorno. Stefania e Massimo;Social Travelers;TEST
Poco distante da Taormina, questo delizioso B&B immerso in un agrumeto Ã¨ stata una piacevole esperienza. Camera spaziosa, ben arredata e pulita, con tutti i comfort, compreso un buon set da bagno. Unica ( leggera) pecca la colazione del mattino non per quantitÃ  ma per qualitÃ . Ci aspettavamo magari prodotti a km zero e non i succhi Parmalat o marmellate industriali e magari anche lo yogurt naturale. CiÃ² non toglie nulla al giudizio piÃ¹ che positivo, soprattutto verso i due titolari, gentilissimi, che si prodigano con cortesia nel venire incontro alle richieste dei clienti. Molto soddisfatti.;Luxury Travelers;TRAINING
Ottimo luogo per un soggiorno tranquillo a pochi minuti da Taormina ed altre localitÃ  turistiche. Camere ampie e pulite. Colazione ottima. Bella tutta la sistemazione degli esterni compreso un agrumeto che circonda il luogo. Molto gradevole  la vasca esterna  con vista Etna per piacevole idromassaggio pomeridiano al rientro.;Luxury Travelers;TEST
Siamo stati tre notti in questo incantevole posto!Tutto curato nei minimi particolari! Si vede proprio che i due dolcissimi e gentilissimi proprietari mettono amore e passione per rendere la permanenza dei loro ospiti meravigliosa!Laura premurosa e dolcissima ( vedendo che le mie figlie non avevano toccato cibo a colazione ci ha addirittura preparato dei paninetti al prosciutto da portare via) Alessandro sempre pronto a consigliare locali dove cenare, posti da vedere e strade  da percorrere!!!Consiglio vivamente questo posto a due passi da Taormina ma immerso nella tranquillitÃ  assoluta!!!!Stanze grandi e nuovissime!;Social Travelers;TEST
Io e il mio ragazzo abbiamo soggiornato in questo b&b tre notti. Lâ€™abbiamo scelto grazie alle recensioni positive degli utenti di Tripadvisor e non possiamo che confermare: posto meraviglioso vicino a Taormina e Giardini Naxos, ma nella quiete di un aranceto stupendo con vista sullâ€™Etna  vasca idromassaggio a disposizione dei clienti. Insomma, lo consiglio davvero a tutti! Grazie ancora ai proprietari!;Researchers;TRAINING
B&B ottimo per chi vuole visitare la zona di Taormina e dell'Etna soggiornando in un luogo tranquillo. In pochi chilometri si raggiungono le spiagge di Giardini Naxos e le localitÃ  turistiche della zona. Molto gentili i proprietari, che ci hanno ben consigliato anche sui ristoranti. Molto buone le camere, ottima la colazione, gradevolissimo l'ambiente (prato, giardino, vasca idromassaggio). Tornerei senz'altro.;Habitual Travelers;TRAINING
B&B davvero bellissimo,immerso negli agrumeti con vista Etna. Camera pulitissima e arredata nuova. Colazioni con di tutto e di piÃ¹. Proprietari gentilissimi e simpatici e sempre pronti a dare consigli x visitare luoghi o su spiagge.;Researchers;TRAINING
In questo posto meraviglioso e accogliente ci ha dato una gioia immensa di ritornare e trovare una accoglienza sempre stupenda e cordiale. La camera bella moderna, spaziosa e soleggiata che ci fatti sentire subito a nostro agio, i prodotti della colazione ogni giorno freschi fatti da Laura e Alessandro. La gentilezza estrema dei propietari ci ha fatti sentire come a casa. Lo consigliamo di cuore ai viaggiatori che si recano in Sicillia. A presto, grazieeeeee!!!!! Giuseppe e Natali;Habitual Travelers;TRAINING
Semplicemente Meraviglioso!!!Nel tour della nostra vacanza sfortunatamente abbiamo pernottato in questo B&B solamente una notte.Da subito abbiamo riconosciuto una professionalitÃ  indescrivibile.Dalla buonissima colazione alla comoditÃ  della camera...TUTTO PERFETTO!!!Ringraziamenti infiniti ai propretari del B&B che ci hanno permesso di vivere una bellissima esperienza!!!A presto!!!ci ritorneremo!!!Grazieeee!!!Pietro e Valentina.;Researchers;TEST
Ho alloggiato in questo b&b per 5 giorni a luglio con la mia famiglia e ci siamo trovati molto bene. La camera era molto spaziosa  e soprattutto molto pulita , l'arredamento nuovo e la doccia bella grande . In camera c'Ã¨ l'aria condizionata , la cassaforte e il mini frigo , l'unica cosa che manca a mio avviso Ã¨ la zanzariera alla porta finestra che da sul balcone  perchÃ© la notte fa molto caldo e quindi si Ã¨ costretti ad accedere l'aria condizionata ma io nn la amo particolarmente avrei preferito tenere la finestra aperta , c'Ã¨ una finestra in bagno che ha la zanzariera ma Ã¨ piccolina nn entrava molta aria. Il giardino Ã¨ molto curato ed Ã¨ presente una vasca idromassaggio a disposizione degli ospiti. La colazione buona . I proprietari gentili e disponibili . Il b&b si trova a pochi kilometri da Taormina .;Value Seekers;TRAINING
Ho soggiornato una sola notte insieme al mio ragazzo in questo B&B .. che dire.. fantastico.. struttura moderna immersa nel verde, curata in ogni minimo dettaglio, pulizia eccellente, personale disponibile e gentile! Lo consiglio !;Researchers;TRAINING
Cortesia, servizi, tranquillitÃ , e siamo al centro. L'auto la vengono a prendere dal parcheggio con garage da pagare 20 â‚¬ a parte. L'hotel Ã¨ al centro e non Ã¨ poco. ma come si fÃ  ad avere un wc, attaccato alla doccia, e dove se si Ã¨ alti nella media non si puÃ² utilizzare in santa pace e comodi. Se ristrutturate le camere, si puÃ² arrivare a voti superiori, le potenzialitÃ  ci sono tutte, Basta applicarsi, come dimostrate con una colazione veramente che merita, e non dimenticate che siete nellla zona piÃ¹ bella del sudâ€¦;Value Seekers;TEST
Hotel datato,ma accettabile. Buona pulizia,posizione ottima 100 metri da corso Umberto. Tv in camera molto piccolo,io ho preso una Superior ristrutturata da poco,ho visto le altre camere standard e non sono state di mio gradimento. Personale eccezionale,garbato e gentile.;Luxury Travelers;TRAINING
Siamo stati in questa splendida struttura in occasione di un evento enogastronomico. Molto comodo, pulito e ben fatto. Oltre a tutti i pregi elencati si trova al centro di Taormina e non Ã¨ poco! Ritorneremo ... CONSIGLIATISSIMO;Social Travelers;TEST
Hotel molto grazioso, centralissimo, situato a pochi passo dal meraviglioso centro di Taormina, personale gentilissimo e disponibile. Camere pulite e spaziose, dotate di ogni confort necessario. Colazione ottima da gustare in terrazza con una vista mozzafiato che se ci penso ancora adesso Ã¨ da brivido!  Ci torneremo sicuramente perchÃ¨ ci siamo trovati davvero benissimo, complimenti per tutto, continuate cosÃ¬!â€¦;Researchers;TEST
Abbiamo trascorso un week end molto speciale in questo grazioso e confortevole albergo stile anni 60, sito in una posizione stupenda a pochi passi da piazza Duomo. La nostra stanza, piccola ma comoda, aveva un terrazzino con affaccio sul Duomo...veramente delizioso. Infatti, abbiamo approfittato per goderci il panorama e soprattutto lâ€™atmosfera quasi incantata che si Ã¨ creata...Personale impeccabile e disponibile...La sala della prima colazione gode di un affaccio incantevole sulla baia di Giardini. Ci torneremo...per â€œricaricareâ€ le batterie dopo lo stress del quotidiano.â€¦;Researchers;TEST
Abbiamo trascorso un weekend a Taormina per lavoro e non potevamo trovare un hotel migliore! Centralissimo, camera ampia e confortevole con annesso un bagno enorme, il tutto ovviamente pulitissimo, la mattina abbiamo gustato un ottimo colazione dove non mancava praticamente nulla. Bellissimo il terrazzo con una vista spettacolare (vedi foto). Un plauso al personale che definire gentilissimo Ã¨ poco.;Researchers;TRAINING
A due e dico due passi dal magnifico lungomare di Reggio lâ€™hotel offre camere spaziose, dallâ€™arredamento spartano ma molto piÃ¹ che funzionale, dotate di frigo bar e bagni ampi e pulitissimi ( ho sfruttato varie volte la struttura e sono sempre stato soddisfatto). Alcune stanze sono con splendida vista mare ... altre danno sulla strada. Quelle vista mare sono non solo con vista migliore ma anche piÃ¹ silenziose ovviamente.  Meglio chiedere vista mare allâ€™atto prenotazione anche se io sono stato bene in tutte. La colazione ( dalle 7 alle 10) eâ€™ di soddisfazione. Non propone cibi caldi ma i dolci sembrano fatti in casa ... davvero ottimi ( meno le brioche). Lâ€™accoglienza eâ€™ sempre ottima e la gentilezza non Ã¨ mai mancata. Ogni volta che vado a Reggio alloggio qui.. e continuerÃ² a farlo.;Habitual Travelers;TEST
A due passi da piazza Duomo a Taormina, hotel non nuovissimo ma ben tenuto, camera superior ristrutturata da poco, accogliente e pulita, colazione buona servita su una splendida terrazza panoramica. Antonio alla reception un esempio di cordialitÃ  ed ospitalitÃ .;Luxury Travelers;TEST
Sono tornato per la 2 volta in 2 anni a Taormina e per la 2 volta ho scelto il Continental.La gentilezza e simpatia di tutto il personale, la posizione centralissima, la funzionalitÃ  dei suoi ambienti e la su citata terrazza panoramica. E non ce 2 senza 3 .... quando ritornerÃ² a Taormina tornerÃ² al Continental;Habitual Travelers;TEST
Il mio soggiorno a Taormina non sarebbe stato cosÃ¬ piacevole se non avessi avuto la fortuna di pernottare in questa struttura. Gentilezza e disponibilitÃ  del personale, della reception ma anche della sala ristorante, pulizia delle stanze ed eccellenza della colazione rendono questo albergo uno dei piÃ¹ belli nei quali abbia mai pernottato. Non mi ritrovo affatto nelle recensioni negative che parlano di colazioni scarse e di camere vecchie: la prima era squisita e le seconde nuovissime. Un angolo di paradiso situato al centro di Taormina e che offre tutte le comoditÃ  idonee a rendere una villeggiatura memorabile. Complimenti!;Value Seekers;TEST
"Hotel situato in posizione centralissima e quindi molto strategica. Camere pulite e confortevoli. Vista incantevole dal terrazzone. Personale alla reception davvero gentilissimo e disponibile. Purtroppo trovandosi in ""centrissimo"" non esiste parcheggio in loco ma c'Ã¨ la possibilitÃ  di usufruire di un parcheggio privato con servizio di ""car valet"" ad un prezzo ragionevole.";Value Seekers;TRAINING
Personale professionale e cortese, bella terrazza panoramica, posizione centrale ottima, per il resto da cancellare. Struttura anni 50 /60,camera fatiscente con arredi vetusti e logori, bagno scandaloso!!!! Doccia con tenda, specchio tutto scrostrato, l'arredo penso mai sostituito, una vera tristezza... Colazione mediocre, struttura con grandi potenzialitÃ  ma da ristrutturare completamente, non capisco come faccia ad avere tre stelle.... Prezzo non assolutamente rapportato alla qualitÃ  della struttura.;Value Seekers;TRAINING
Quando in un hotel incontri professionalitÃ  e pulizia, penso sia davvero il connubio perfetto, vista panoramica affascinante, personale attento allâ€™esigenze del cliente, e camera pulita. Un grande grazie a tutti. Spero di ritornare presto.;Independent Travelers;TRAINING
Siamo rimasti molto contenti del nostro soggiorno, a partire dal check in dettagliato e accogliente, la camera molto pulita in ogni dettaglio, abbiamo anche preso qualcosa da bere al bar gentilmente accompagnato da un tagliere di deliziosi formaggi e per non parlare della colazione la mattina con un ottimo caffÃ¨ con vista mare e monti (Etna), non ci sono parole per descrivere la gentilezza e l'attenzione di tutto il personale. Vivamente consigliato;Social Travelers;TRAINING
Taormina Ã¨ una location di lusso e piena di alberghi meravigliosi ma in questo albergo ci si sente a casa fin dallâ€™ arrivo. La cortesia del personale, la meraviglia della terrazza tra le piÃ¹ belle di Taormina e i prezzi contenuti ne fanno il luogo ideale per un qualsiasi tipo di soggiorno. La colazione Ã¨ buonissima e degna di un albergo di categoria superiore. La vista meravigliosa non fa rimpiangere la presenza di una piscina che con un mare come quello di Taormina non ha senso di esistere. Grazie dello splendido soggiorno.;Value Seekers;TRAINING
Siamo stati a Taormina e abbiamo soggiornato al Continental.Ottimo hotel si trova a due passi dalla piazza centrale un bel terrazzo panoramico dove si puÃ² ammirare sua maestÃ  Etna e uno splendido mare.Personale molto cortese e simpatico e molto disponibile a darti tutte le informazioni possibili.Ci torneremo.;Habitual Travelers;TRAINING
Abbiamo soggiornato a Marzo per un week end a Taormina. Sicuramente data la bassa stagione abbiamo goduto di un prezzo decisamente scontato, ma non per questo la qualitÃ  dei servizi Ã¨ stata da meno. La camera, dotata di un balcone, era pulita,spaziosa e luminosa, non eccezionale nel gusto estetico, perÃ² dotata di tutti i comfort necessari, con bagno e doccia davvero molto comodi. La location dell'hotel davvero strategica, con un'uscita sul retro del giardinetto in pieno centro. Colazione anche abbondante e abbastanza varia, servita in una sala con una incantevole vista sull'Etna. Cosa chiedere di piÃ¹? Assolutamente consigliato;Value Seekers;TEST
POSiZIONE incantevole con vista mare e sul vulcano Etna, a due passi dal centro.Rapporto qualitÃ  prezzo sostenibile con personale disponibile e attento alle esigenze della clientela. Colazione super!;Value Seekers;TEST
Ottimo hotel,dove il cliente Ã¨ seguito nei minimi dettagli,e si sente davvero valorizzato.Abbiamo fatto colazione nella terrazza,con vista mare,e devo dire che vorrei potermi svegliare tutte le mattine lÃ¬.Taormina poi Ã¨ stupenda come cittÃ .;Researchers;TEST
Soggiorno molto piacevole e rilassante, con vista unica che racchiude il vulcano Etna ed il golfo di Naxos! Personale molto attento e meticoloso! La camera stupenda e molto pulita. La struttura dispone di una piscina con vista! Sono inoltre disponibili dei servizi navetta per il centro storico di Taormina ed anche per il mare! La colazione sia salata che dolce danno la possibilitÃ , tra i vari prodotti disponibili, di gustare delle prelibatezze legate al territorio! Consigliatissimo!â€¦;Luxury Travelers;TRAINING
Abbiamo deciso di trascorrere la ns luna di miele in questo raffinato boutique hotel. Tutto, dalla camera al ristorante al servizio del personale cortese e attento a ogni richiesta , ci Ã¨ sembrato perfetto. Lâ€™hotel, situato in posizione elevata (Taormina alta, sotto Castelmola) gode di una vista spettacolare, unica e ineguagliabile che domina sul mare e parte della cittÃ . Le stanze e ogni ambiente dellâ€™hotel Ã¨ arredato con gusto e cura del dettaglio. Nulla Ã¨ lasciato al caso e per ogni richiesta si ha la sensazione che il personale Ã¨ attento e pronto a soddisfare il cliente. Tutto lo staff , dagli autisti alla reception ai camerieri, cuochi e signore pulizie lavorano in maniera incredibile per assicurare il massimo. Il cliente si sente coccolato in ogni momento. La qualitÃ  del cibo Ã¨ ottima. Le stanze offrono ogni comfort (la ns junior suite era impeccabile: spaziosa con un bagno ampio e bellissimo e una terrazza con vista mare). Sicuramente sceglieremo ancora questa struttura , elegante come i suoi proprietari (o lâ€™altra gemellata, Villa Carlotta, in Taormina bassa).â€¦;Habitual Travelers;TEST
Hotel Villa Ducale Ã¨ un posto unico nel panorama Taorminese. Gode di una posizione privilegiata che gli da una visuale dall'alto su tutta la cittÃ  e il golfo regalandoti attimi di magia e serenitÃ . La mia stanza era molto grande finemente arredata. Ogni particolare Ã¨ tenuto di conto e l'ospite non Ã¨ mai lasciato a sÃ© stesso costantemente coccolato dai dipendenti e non Ã¨ raro incontrare la proprietaria, persona squisita, che si prodiga affinchÃ© tutto sia in linea con le aspettative della propria permanenza in Hotel. Spero di avere in futuro occasione di tornare a Taormina e di poter nuovamente soggiornare in questa splendida struttura.â€¦;Researchers;TRAINING
A seguito di una cena romantica e deliziosa presso il ristorante di Villa Ducale, che si presenta  riservato, curatissimo e con vista mozzafiato sullâ€™Etna e sul golfo di Giardini Naxos, io e il mio compagno abbiamo avuto modo di pernottare ln una delle suite dellâ€™albergo.  E che dire, tutto magnifico! La location piÃ¹ bella che io abbia mai visto, un vero e proprio angolo di paradiso !  La suite, pulitissima, elegante e spaziosa, gode di tutti i comfort. Anche in questo, cosi come per tutta la struttura in generale, si vede riflesso il buon gusto dei proprietari, gentilissimi ed ospitali !  La consiglio a chiunque volesse trascorrere dei giorni di paesia e relax a Taormina !â€¦;Luxury Travelers;TEST
Posizione magnifica e panoramica! Hotel dotato di ogni comfort, facile da raggiungere, camere comode e moderne, personale gentilissimo e disponibile, colazione eccezionale. Paragonabile a pochi altri hotel in cui siamo stati, assolutamente consigliato,;Researchers;TRAINING
"La posizione della struttura, la cura dei dettagli, la gentilezza dello staff, la cortesia dei padroni di ""casa"" rendono questo boutique hotel un vero e proprio gioiello di Taormina. La mia famiglia si Ã¨ sentita ""coccolata"" sin dal momento della prenotazione. Se potessi dare un giudizio da uno a dieci direi 10 e lode!";Researchers;TRAINING
La nostra  vacanza a Villa Ducale e stato un piacevolissimo ed inaspettato intermezzo . Questa incantevole Villa domina la cittÃ  ed il suo mare offrendoti viste mozzafiato dalla terrazza del ristorante e dalle singole stanze. La sapiente regia dei proprietari e dello staff nella cura degli arredi e dei dettagli sembra portare i profumi e i colori nelle stanze e nelle sale direttamente dalMare e dalla natura circostanti rendendo il soggiorno a Villa ducale unâ€™esperienza davvero unica. Sontuosa  la colazione in terrazza! Grazie a tutti lo staff per averci accudito, a Daria, Manila e Margherita per la squisita gentilezza e disponibilitÃ . Un ringraziamento speciale al direttore Paolo per aver assicurato il famoso microclima di Taormina ... e alla straordinaria Signora Rosaria, un incontro davvvero indimenticabile .;Researchers;TEST
Lâ€™hotel Ã¨ assolutamente incantevole curato in ogni dettaglio da dove si puÃ² godere di una vista spettacolare, ma ciÃ² che lo rende unico eâ€™ il personale che ti accoglie. Ad iniziare dalla â€˜padrona di casaâ€™ la signora Rosaria che con la sua squisita ospitalitÃ  rende indimenticabile il tuo soggiorno, Daria, Manila, Margherita e tutto lo staff per la loro simpatia, efficienza e disponibilitÃ . Ringrazio infine Paolo che con la sua professionalitÃ  ci ha dato lâ€™opportunitÃ  di conoscere questa splendida realtÃ . Non vediamo lâ€™ora di tornarci;Social Travelers;TRAINING
Una vista che toglie il fiato, i pensieri e qualsiasi forma di stanchezza. Il posto ideale per trascorrere una vacanza rilassante. Un'accoglienza che fa subito sentire a Casa, senza essere a casa, coccolati sotto ogni aspetto. La nuova piscina dÃ  quel qualcosa in piÃ¹ a un hotel che reputo fra i migliori del mondo, per posizione, per staff, per qualitÃ , per pulizia, per servizi e per il suo design. Nulla Ã¨ lasciato al caso, ogni cosa Ã¨ curata nei minimi dettagli, con estremo amore e palpabile passione.La colazione Ã¨ talmente ricca da lasciare di stucco e da riempire piacevolmente occhi e... pancia!Il ristorante Ã¨ gestito da un bravissino chef che crea piatti meritevoli di essere assaggiati. E poi, come si fa a non pranzare o cenare in un posto cosÃ¬ romantico, vista mare e vista Etna? Sembra il Paradiso!Tutto fa venire voglia di abbandonarsi al relax estremo e di tornare ancora, ancora e ancora.Un luogo magico, che resta nel cuore.;Researchers;TRAINING
Villa Ducale Ã¨ un hotel che merita a pieno titolo di essere annoverato tra i migliori al mondo (e le classifiche lo confermano ampiamente).La qualitÃ  dell'accoglienza Ã¨ altissima a 360Â°, l'ospite Ã¨ coccolato dall'inizio alla fine della permanenza. Lo staff Ã¨ altamente qualificato, gentile, pronto, accorto e al top. Le camere sono un connubio perfetto tra architettura contemporanea e massimo comfort. La colazione viene servita in una terrazza che lascia letteralmente senza fiato. Stesso ambiente per il ristorante dove pranzo e cena risultano un'esperienza gastronomica notevole dovuta anche alla presenza di un executive Chef di altissimo livello.Ogni singolo aspetto della permanenza Ã¨ curato e gestito con la massima attenzione e l'esperienza risulta veramente di altissimo livello.Un assoluto punto di riferimento su Taormina. Per veri viaggiatori, per clienti esigenti che amano e conoscono profondamente il mondo dell'hotellerie.;Luxury Travelers;TEST
Viaggio spesso per lavoro per cui non amo molto gli Hotel e soprattutto i Grandi Hotel.Preferisco scegliere i Boutique Hotel per le atmosfere intime e di casa, eleganti ma non ingessate!Mi Ã¨ capitato di alloggiare qui 3 notti in vista di un evento a Taormina.Dire alloggiare Ã¨ dire poco: una esperienza fantastica!Allâ€™arrivo: il giovane team mi accoglie con un sorriso e mentre mi offrono da bere dellâ€™ottimo vino dellâ€™Etna sulla terrazza (lâ€™Etna che sta di fronte) le valigie sono giÃ  in camera.Decido di pranzare, affamati dal viaggio: cucina con prodotti freschi, ricette del territorio ma con un pizzico di eleganza!Le camere sono delle opere dâ€™arte, sembrano uscite fuori da una rivista di Design, con fraquanze per ambienti rilassanti, che ancora mi ricordo!Ottimi i consigli su cosa visitare a Taormina e dintorni, promuovendo il territorio.Sono stati giorni memorabili, indimenticabili e sono sicuro che tornerÃ² di nuovo qui a Villa Ducale per il mio prossimo lavoro a Taorminaâ€¦ e anche per vacanza!;Luxury Travelers;TEST
Siamo arrivati e tutti era gentili, ci hanno offerto da bere. La camera era fantastica e pure il bagno. Linea cortesia Etro. Ristorante e colazione fantastica . Bravi continuate cosi .Lusso, lusso lusso;Luxury Travelers;TRAINING
Un albergo metaviglioso , lussuoso tutto perfetto. Personale fantastico ti fanno sentire a casa. Tutto perfetto, camere spaziose, bagni in marmo metavigliosi, linea cortesia Etro, copriletto e lenzuola Etro. Colazione fantastica ad alto livello. Servizio impeccabile assolutamente da consigliare;Luxury Travelers;TEST
Staff accogliente ed educato. Struttura pulita e silenziosa. Posizione invidiabile. Colazione a buffet abbondante, sia dolce che salata. Consigliato sia a chi viaggia in coppia che in famiglia! Esperienza da ripetere;Researchers;TRAINING
Panoramico e suggestivo, organizzato e con un personale puntuale e cortese. Stanza molto bella, illuminata e spaziosa nonostante fosse una singola. Colazione squisita. Massimo dei voti pienamente meritato!;Researchers;TRAINING
Un luogo incantevole, un paesaggio mozzafiato. Da un'altezza di 800 metri si gode una visione  incomparabile: il mare di Naxos e, sullo sfondo, l'Etna ammantata dalla prima neve. Una camera dotata di ogni confort, personale professionale e disponibile.Tutti i sapori della vera cucina mediterranea. Una vacanza indimenticabile, all'insegna della signorilitÃ  , del buon gusto e dell'accoglienza siciliana. Nunzia e Pippo;Researchers;TRAINING
Albergo panoramicissimo  e in un oasi di tranquillitÃ .Adatto alle coppie in viaggio di nozze un servizio assolutamente altissimo livello  5 stelle .dall colazione al ristorante. Una cura al dettaglio una perfezione incredibile in tutto . Veramente complimenti . Le divise di lino mi hanno dato una sensazione di fresheza ed eleganza . Il personale veramente qualificato;Researchers;TEST
Location magnifica arricchita da uno staff professionale ed accogliente. Le camera sono dotate di ogni confort. Vista incredibile. Certamente consigliato e presto ritorneremo a soggiornare in questa struttura!;Researchers;TEST
Sono stato ospite dell' hotel, servizio ottimo e personale qualificato e disponibile.La nostra camera bellissima e funzionale. Grazie all' hotel villa ducale che ha contribuito a rendere il mio soggiorno eccezionale;Value Seekers;TRAINING
La posizione: con affaccio sul Pantheon. La qualitÃ  dellâ€™albergo: di gusto tradizionale, dotato di tutti i confort della categoria. Le camere: accoglienti, molte con vista sul Pantheon. Il personale: cordiale, preciso e premuroso. La colazione: sufficientemente ricca e assortita. Il rapporto qualitÃ  prezzo: buono, in relazione a quanto sino a qui elencato. Se volete trattarvi bene, qui lo potete fare. â€¦;Value Seekers;TRAINING
L'albergo si trova affianco  al pantheon, a due passi da piazza Navona, Fontana di Trevi, piazza Venezia....tutti i monumenti piÃ¹  importanti sono raggiungibili in pochi minuti a piedi. La ns era una camera standard non molto grande ma con vista pantheon  e dotata di ogni confort, anche ciabatte e accappatoio. Il personale Ã©  stato professionale e molto cortese, si Ã©  fatto in quattro per soddisfare ogni desiderio. Migliorabile la colazione, dove sarebbe auspicabile un'offerta piÃ¹  variegata. All'ultimo piano c'Ã¨  una terrazza  con vista stupenda sulla cittÃ .  Albergo perfetto per trascorrere piacevolmente una vacanza a Roma, lo consiglio vivamente!â€¦;Value Seekers;TRAINING
Eravamo inizialmente dubbiosi piÃ¹ per la categoria del hotel che per altro invece siamo rimasti stupiti SERVIZIO, CAMERE,COLAZIONE da 4 stelle e conto da 3 stelle cosa volere di piÃ¹ (per favore NON CAMBIATE) aggiungiamo una posizione strategica ineguagliabile a mio parere perchÃ© ci si trova nel cuore del centro storico di Roma.â€¦;Value Seekers;TEST
Questo hotel Ã¨ in una posizione ideale per esplorare Roma. Situato in Piazza della Rotonda, la finestra della nostra camera era a soli 45 metri dal Pantheon. Lo staff era gentile e molto accomodante. La nostra camera era molto pulita e confortevole, con una buona colazione continentale ogni mattina. La parte migliore Ã¨ il bar sul tetto che abbiamo potuto sfruttare al meglio durante il tramonto. Quando tornerÃ² a Roma questo Ã¨ il posto in cui vorrÃ² stare.â€¦;Social Travelers;TEST
Vale da ogni punto di vista piÃ¹ delle 3 stelle formali. Per posizione, estrema cortesia del personale, ampiezza e pulizia delle stanze e dei bagni, mini bar, ecc. nel mio caso una matrimoniale: Ã¨ davvero l'ideale per una coppia che voglia passare un we a Roma con un costo medio e concorrenziale rispetto ad un appartamento in B&B . La piazza del Pantheon Ã¨ sempre piena di gente che va e viene ma l'albergo Ã¨ silenzioso. Molto ricca la colazione . Esperienza molto positiva - unico piccolissimo neo non funzionava il bollitore dell'acqua in camera (ma a dire il vero non ne ho segnalato il malfunzionamento ne richiesto la sostituzione)â€¦;Researchers;TEST
Grazie! Senza saperlo, avete contribuito a rendere indimenticabile anche questa prima tappa del nostro viaggio di nozze. Avevo letto delle ottime recensioni e la posizione era di tutto riguardo. Avevo prenotato una camera Deluxe con vista, ma non mi aspettavo sicuramente lâ€™unica camera dellâ€™hotel con balcone sul Pantheon e anche la bottiglia di Prosecco al nostro arrivo Ã¨ stata una cosa molto piÃ¹ che gradita.Grazie, per la gentilezza e disponibilitÃ  alla reception, grazie per le attenzioni nella pulizia e riassetto della camera, grazie per tutto.Eâ€™ â€œsoloâ€ un 3 stelle, ma ne vale molte di piÃ¹.Bravi!;Value Seekers;TRAINING
Sempre una garanzia vado al Senato da almeno 30 anni e mi sono sempre trovato benissimo . Posto fantastico servizio eccellente veramente un bel posto .naturalmente bellissime le stanze sul pantheon .Buona la colazione.;Habitual Travelers;TEST
Eravamo giÃ  stati qualche anno fa. Anche questa volta ci siamo trovati benissimo..Tutto perfetto, dalla posizione, all'accoglienza, alla pulizia, al confort, alla colazione.....insomma  una meraviglia.Ottimo anche il rapporto qualitÃ  prezzo.;Habitual Travelers;TEST
Eravamo stati all'albergo altre due volte e come prima ci siamo trovati benissimo. L'albergo e' bello, curato e molto accogliente che rende il weekend romano ancora piu piacevole! La nostra camera al sesto piano dell'hotel aveva il suo terrazzo privato che dava sulla Piazza della Rotonda dandoci un panorama unico del Pantheon.  La colazione Ã¨ buona e varia. La camera era assolutamente pulita e ben tenuta. Il personale era molto cortese e disponibile a ogni nostra esigenza. Ve lo consigliamo!;Habitual Travelers;TRAINING
Posizione favolosa e camere classiche arredate con gusto visto il contesto offre pulizia e gentilezza ad un prezzo molto accessibile per quanto scritto sopra e con tutto  il centro Roma a disposizione in 5 minuti a piedi;Value Seekers;TEST
Hotel in posizione stupenda, personale gentilissimo, camere pulite e buona colazione.Sul terrazzo bellissimo bar all'aperto con visuale stupenda. Comodissimo lo spazio esterno davanti all'Hotel per fumarsi un sigaro o una sigaretta nella piazza per me piÃ¹ bella di Roma.;Value Seekers;TRAINING
albergo accogliente e di classe, sono stato con mia moglie per lavoro e ci siamo trovati benissimo,comodo a tutti i servizi ed ottimo per visitare Roma. servizio attento e camere molto pulite. ci ritorneremo al prossimo viaggio. grazie;Habitual Travelers;TEST
Non posso che confermare tutte le recensioni precedenti. Camera standard ma con vista al primo piano dotata di tutto (compresi accappatoio e ciabattine). Riassetto stanza 2 volte al giorno (e vogliamo chiamarlo un 3 stelle???) colazione ottima sia dolce che salato, servizio di concergierie attento e sempre disponibile. In ultimo la posizione strepitosa. Whatâ€™s else? La terrazza allâ€™ultimo piano ad uso dei clienti dove dâ€™estate Ã¨ disponibile il servizio bar!!;Social Travelers;TRAINING
Tre stelle storico in posizione strategica, centrale e suggestiva: davanti al Pantheon.Camera un pÃ² piccola ma curata.Ottima la prima colazione anche con frutta e succhi freschi.Prezzi abbordabili tenuto conto della posizionePersonale gentile.Difficile pretendere di piÃ¹.Vale la pena tornare.;Value Seekers;TEST
Posto molto bello e accogliente comodo personale molto gentile ottimo lo consiglierei per un lungo week end. Sono stata benissimo e tornero presto appena possibile. Rapporto qualita prexxprezzo.ottimo;Value Seekers;TRAINING
Location super. Struttura molto bella e pulita con camere spaziose e molto belle. Terrazza al sesto piano con vista fantastica sul pantheon e su tutta Roma. Colazione molto varia. Personale gentilissimo e attento ad ogni esigenza.;Researchers;TEST
Posizione perfetta,personale magnifico,camere splendide....ci hanno anche fatto un upgrade di camera,rispetto a quella prenotata.Colazione ricca di tutto,comprese crostate ,macchina automatica per i pancake, succhi,yogurt,brioches freschissime, bacon,uova strapazzate, diversi tipi di pane,focacce....e molto altro.Camera assolutamente deliziosa,spaziosissima e silenziosissima,nonostante la posizione assolutamente centrale.Provato anche il bar dell'albergo che offre aperitivo davvero buoni e ricchi.Personale,come dicevo,disponibilissimo,cordialissimo,gentilissimo.Un motivo in piÃ¹ per tornare a Roma, e torneremo presto.;Luxury Travelers;TRAINING
Nel cuore di Roma! Stanza grande e con vista mozzafiato. Personale disponibile e cortese. Ottimo sia per un viaggio d affari sia per un soggiorno di piacere. Il prezzo assolutamente in linea con la qualitÃ  della stanza. ;Value Seekers;TRAINING
Siamo stati in questo splendido hotel solo una notte, sarebbe stato assolutamente bello starci di piÃ¹. Il personale Ã¨ stato puntuale, professionale e molto educato. Ci hanno contattato i giorni prima del nostro arrivo, ci hanno prenotato un transfer dalla stazione Roma termini, ci hanno accolto in modo impeccabile. La suite Tempesta, che avevamo scelto, Ã¨ molto bella sia per la posizione sia per la presenza di una grande casa idromassaggio. Il pavimento in legno a spina Ã¨ bellissimo ed i materiali dellâ€™arredo sono Tutti ricercati e di tendenza. La domotica Ã¨ buona. Consiglierei solo di aggiungere Netflix in camera o altri servizi per TV. Colazione la mattina in terrazza vista su piazza Navona davvero INCREDIBILE . Consiglio questo posto a chi ama soggiornare in piccoli boutique hotel di design  Un grazie alla responsabile e a tutto lo staffâ€¦;Luxury Travelers;TRAINING
Non avessi letto le altre recensioni forse sarei arrivato con aspettative piÃ¹ basse ed avrei messo cinque palle, arrivando in un cinque stelle, con cinque palle, primo hotel di Roma su TripAdvisor si arriva con unâ€™aspettativa talmente alta che si rischia di rimanere un pochino delusi. Cosa mi Ã¨ piaciuto: -La vista, la vista, la vista: lâ€™affaccio su piazza Navona Ã¨ impagabile. -Lâ€™arredo: curato, elegante, ironico -La pulizia -rapporto qualitÃ /prezzo buono  Cosa poteva andare meglio: -le dimensioni del letto -la sala della colazione e lÃ  colazione in generale -alcuni piccoli dettagli nellâ€™arredo (fili elettrici troppo lunghi, piccole scalfitture nei mobili, soprammobili  con il prezzo sotto)...dettagli che fanno la differenza tra il molto buono ed il perfetto. -il fatto di essere un hotel di fatto senza servizi comuni a parte la reception e la terrazza Ã¨ penalizzante (no Spa, no ristorante, no palestra, no aree comuni), anche se questo lo si sa giÃ  al momento della prenotazione. In sintesi: bello, posizione meravigliosa, stanze coinvolgenti, ma manca ancora qualcosina per arrivare alla perfezioneâ€¦;Luxury Travelers;TEST
Palazzo affascinante, posizione unica come la vista direttamente sulla suggestiva Piazza Navona. Personale gentile e disponibile. Le camere originali, di un design moderno e curato nei minimi dettagli e colazione buonissima. Niente di meglio;Luxury Travelers;TRAINING
Hotel eccezionale, posizione fantastica, personale di una cortesia e professionalitÃ  superiore. Camera favolosa con vista su Piazza Navona. Servizi in camera di livello superiore. Terrazza stupenda. Vale veramente la pena soggiornare in questo fantastico hotel. ;Luxury Travelers;TEST
Ho soggiornato nella bellissima suites Cappuccino. Da non perdere la vista dalla fantastica terrazza.La  stanza affaccia su una delle piÃ¹ belle e famose piazze di Roma.Per colazione ho scelto lâ€™omelette ed era deliziosa. Non ho resistito e ho scattato alcune foto che allego di seguito.;Luxury Travelers;TRAINING
Una location unica con tutte le suite che si affacciano su piazza Navona con una vista mozzafiato. Le camere curate in ogni particolare offrono il massimo del piacere e del confort. Lo staff con discrezione offre cordialitÃ  ed efficienza . Il soggiorno in questa location regala un'esperienza unica nel centro di Roma;Luxury Travelers;TEST
Ho alloggiato in questo hotel per qualche giorno e devo dire che Ã¨ sempilcemente... FANTASTICO! Le camere erano fantastiche e arredate con ordine e classe, affacciavano su piazza Navona... meravigliosa! Il personale molto gentile e attento alle esigenze di tutti.;Researchers;TEST
Le suite valorizzano al massimo la veduta di piazza Navona una delle piÃ¹ belle del mondo. In particolare la suite dove ho soggiornato era prospiciente sulla fontana dei quattro fiumi e sulla basilica di Santa Agnese. Uno spettacolo unico. Le suite sono luminose e ben arredate in stile moderno e dotate dei piÃ¹ moderni conforts. La prima colazione offre prodotti di prima qualitÃ  e piatti espressi molto gustosi.;Luxury Travelers;TEST
Si trova proprio difronte a Piazza Navona la reception Ã¨ molto accogliente si mangia bene ed l'unico peccato e che nn si possono portare gli animali domestici PerÃ² ottimo hotel sopratutto grazie alla posizione;Habitual Travelers;TEST
La posizione si trova proprio davanti alla Fontana dei Quattro Fiumi di Bernini in Piazza Navona. Posizione ottima, andavamo camminando da per tutto ( vicino al Pantheon )! La suite meravigliosa, l'arredo e il design la rendono unica ( anche il bagno ). Pulizia impeccabile. Personale gentilissimo ! Hotel di altissimo livello! POSTO VERAMENTE INCANTEVOLE! Sono molto felice di averlo scelto !;Luxury Travelers;TEST
Devo dire che questo hotel e bellissimo e vale i soldi che ho pagato per una suite. Ottimi servizi. Ottima colazione (ovviamente c'Ã¨ di tutto) Ã¨ ottimo io personale gentile e simpatico grazie per questo soggiorno;Value Seekers;TEST
Location favolosa che si staglia su piazza Navona... un vero gioiello incastonato nella cittÃ  eterna. Personale cordiale e sempre attento alle richieste del cliente. Inutile dire della bellezza della camera. Indimenticabile. Confort e lusso ad un prezzo congruo. Colazione favolosa. Che dire di piÃ¹?? Andateci almeno una volta sarete piacevolmente coccolati.;Luxury Travelers;TEST
Il posto Ã¨ meraviglioso. Hai la fortuna di entrare e vivere per qualche giorno in uno dei piÃ¹ bei palazzi romani e di affacciarti, come fosse la tua casa, sulla piazza piÃ¹ bella al mondo: una sensazione incredibile! Le camere poi sono super confortevoli, eleganti, lussuose e originali. Lo staff infine Ã¨ la ciliegina sulla torta: sorridente, gentile, attento e pronto a darti suggerimenti per vivere al meglio il tuo soggiorno a Roma.;Researchers;TRAINING
ESPERIENZA UNICA . I proprietari cosÃ¬ come tutto lo staff del Lifestyle sono persone eccezionali . Camere stupende, arredate con gusto e classe. Ogni stanza richiama un tema particolare e lo stile Ã¨ conforme allo stesso. Tutte le camere hanno l'affaccio su Piazza Navona, aprire la finestra ti permette di godere di un panorama unico, tra i piÃ¹ belli ed invidiati del mondo . Pulizia e cura dei particolari sono tra i punti di forza di questa struttura perfetta ed impeccabile sotto ogni aspetto . La colazione Ã¨ di una qualitÃ  superiore. Buffet con varietÃ  di frutta, yogurt, salumi ( tra cui il pregiatissimo patanegra spagnolo ), torte preparate giornalmente, cereali, biscotti, pane e la possibilitÃ  di ordinare piatti espressi : uova, bacon, omelette e quant'altro . Non ci sono parole per descrivere questo posto, esse non basterebbero per decantare al meglio un luogo magico come il LSS di Roma . Bravi ragazzi, continuate cosi ! Siete voi con la vostra professionalitÃ  e attenzione la vera chiave del vostro meritato successo! Francesca;Luxury Travelers;TRAINING
Hotel di altissimo livello, siamo rimasti senza parole, tutto perfetto pulito e comodo. Curato con molta attenzione ogni angolo della struttura, silenzio e tranquillitÃ  hanno reso il nostro soggiorno ancora piÃ¹ piacevole. Per concludere dalla camera una vista strepitosa. Sicuramente ci torneremo!!!CONSIGLIATO!!!;Luxury Travelers;TEST
Hotel di altissimo livello. Ho avuto la fortuna di scegliere quest'hotel per un breve soggiorno romantico a Roma. ma sono rimasto senza parole quando sono entrato nella suite che ci era stata assegnata camera perfetta, parquet, letto comodissimo e con un baldacchino in vetro particolarissimo...vista mozzafiato su piazza Navona e poi il bagno..con una vasca idromassaggio incantevole e un piano doccia da lasciar senza parole. colazione ottima, variegata e di alta livello. personale gentilissimo e servizievole in tutto, sia prima del check in che durante il soggiorno.;Luxury Travelers;TEST
Le camere sono modeste ma pulite, senza grandi comfort (noi abbiamo alloggiato nella depandance). La colazione nel vicino bar Ã¨ piuttosto misera. Personale cortese e ottima posizione. Abbastanza caro per quello che offre ;Value Seekers;TRAINING
A prima vista non sembra interessante. Appena sali in camera ti accorgi che e' un hotel che non sembra confortevole ma lo Ã¨. Camere di livello superiore e, poi nel centro del centro di Roma, al Pantheon, che dire di piÃ¹. La prima colazione si consuma in uno dei bar con tavolinetti all'aperto nell'incantevole piazza della Rotonda proprio di fronte al Pantheon. Che dire di piÃ¹. Un'ottima scelta.â€¦;Researchers;TEST
Credo che ci sia poco da dire, personale di ottimo livello e molto gentile, affaccio in una zona meravigliosa di Roma, colazione all'altezza della location ottima variegata e assolutamente fresca. E' un'ottimo albergo.;Luxury Travelers;TRAINING
Abbiamo alloggiato in questo Albergo per il ponte dell'Immacolata. Avevamo prenotato con scetticismo ma ci siamo subito ricreduti. Struttura posizionata difronte al Pantheon con una vista spettacolare. Molto carine le camere, da poco ristrutturate : faccio notare che se qualcuno ha scritto che ci vorrebbe una rinfrescata dovrebbe pensare che i danni li faccio noi clienti e non il personale della struttura. Gli ambienti si presentano puliti e confortevoli. Il personale Ã¨ gentilissimo e squisitamente disponibile. La colazione veniva servita in un bar nelle immediate vicinanze: cibo di buona qualitÃ  in quantitÃ  appropriate. I prezzi sono giusti e rapportati alla location della struttura.  Al mio ritorno ho ricevuto, tramite mail, il ringraziamento per il soggiorno da parte della struttura con un saluto da parte di tutto il personale;Value Seekers;TRAINING
"Hotel confortevole, ma che avrebbe bisogno di una rinfrescata. I bagni sono puliti ma ""vintage"". Con qualche piccolo accorgimento meriterebbe un pallino in piÃ¹. Colazione consona al livello. Ottima la posizione.";Luxury Travelers;TRAINING
Molto caro e niente arrosto. Di sicuro al prezzo di 250 euro al giorno ti aspetti non di trovare ii servizi di un 5 stelle ma di sicuro un 3 stelle di altissima qualitÃ . E anche cosÃ¬ quel prezzo e veramente altissimo. Stanza nella dependance picolissima. Un letto a una piazza e mezzo con d'intorno spazio di neanche mezzo metro a girarci. Parchet in legno molto andato ( grafiato ) anche se qui in tutto non sarebbe la colpa del albergo. Tv in stanza credo 21 pollici ( minuscolo ). Bagno ristrutturato nuovo anche se si poteva di meglio.                              Owen Francisc;Value Seekers;TRAINING
Abbiamo alloggiato in questo hotel per il ponte del 25 aprile. Camera con affaccio sul pantheon. Vista spettacolare. Camera molto confortevole e personale eccellente. La colazione poi,fatta in un bar che ha i tavoli sulla piazza, prepara per una giornata felice. Ci tornerÃ² sicuramente.;Researchers;TEST
Location unica con vista mozzafiato sul PantheonPersonale professionale e gentile Camera perfetta con tutti i comfort Colazione bellissima in piazza della rotondaConsigliatissimo il mio riferimento a Roma.;Habitual Travelers;TEST
Per chi vuole soggiornare in pieno centro di Roma a un prezzo conveniente in stanze pulite anche se non molto spaziose puÃ² venire qui.Per la colazione c ' e' una convenzione con il vicino bar a piazza della Rotonda.;Value Seekers;TRAINING
Ho soggiornato una notte  per lavoro all'Hotel Abruzzi. Posizione ottimale difronte al Pantheon. Zona centralissima con turisti ad ogni ora,  vi lascio immaginare il rumore esterno. Ma una volta entrati nell'Hotel  una tranquillitÃ  assoluta, molto silenzioso. Camera spaziosa e pulita. Il prezzo un po' caruccio!!! Personale competente e gentile. Spero di trovare qualche offerta per ritornarciðŸ˜Š;Value Seekers;TRAINING
Moderno nuovo, carinissimo personale disponibile e gentile,colazione all'americana abbondante presso un bar adiacente .In posizione centrale proprio davanti al Pantheon.Abbiamo viaggiato con un bimbo ci siam trovati benissimo.;Social Travelers;TRAINING
Purtroppo, dopo aver chiamato hotel Abruzzi, che con sinceritÃ  Non avevano piÃ¹ doppie, che l'unica disponibilitÃ  che avevamo era un matrimoniale, abbiamo prenotato da qui imbroglioni dell'albergo del sole, vicino dell'AbruzzÃ¬ cosÃ¬ abbiamo potuto constatare la grande differenza. Si l' Abruzzi Non si puÃ² confondere, ottima professionalitÃ  e sinceritÃ , belle stanze, Totti doc, dietro il suo piccolo cuore si nasconde un super 5 stelle.;Habitual Travelers;TEST
Ottimo soggiorno e personale cordiale e disponibile. Camera luminosa, panorama incantevole con sottofondo musicale che accompagna il weekend romantico. Spero di ritornare nuovamente per la quarta volta.;Habitual Travelers;TEST
Era un viaggio rapido per un fine settimana a Roma, e quindi volevo un hotel vicino a tutti i principali siti: quello trovato non avrebbe potuto essere un posto migliore essendo a circa 25 minuti a piedi dal Vaticano e Colosseo, a 5-10 minuti dalla fontana di Trevi, da Piazza di Spagna e negozi. E con il Pantheon a due passi e Piazza Navona 2 minuti di distanza.La camera era in un annesso a breve distanza dalla porta dell'hotel. Era pulita, ordinata ed aveva tutto quello che occorre per i i bisogni di base. Il personale Ã¨ stato di grande aiuto quando ciÃ² Ã¨ stato necessario e ci ha fatto sentire molto ben accolti. E' stato molto piacevole, inoltre, mangiare all'aperto, seduto in un bar sulla piazza che si affaccia sul Pantheon e gustare un prosecco prima di una breve passeggiata per raggiungere il letto.;Researchers;TRAINING
Consiglio questa eccellente struttura, soprattutto per chi si vuole muovere a piedi nel centro di Roma. Il personale Ã¨ professionale e cortese.Le camere affacciano sulla suggestiva piazza del Pantheon e sono molto luminose.;Habitual Travelers;TRAINING
Sono stata veramente bene in questo albergo. Mi Ã¨ stata data una suite al quarto piano con una vista a dir poco spettacolare. Silenzioso (gli ottimi infissi isolano dai rumori della strada), confortevole e con uno staff di grande professionalitÃ  e squisita cordialitÃ .La colazione, varia e abbondante, si fa all'esterno, in un bar della piazza, dai cui tavolini si continua a godere della splendida vista.;Researchers;TRAINING
Di fronte al Pantheon e infatti risulta impossibile dormire a causa dei vari rumori: folla, spazzini, vigilanza... Stanze piccole e cosi pure il bagno dove non rifornivano di gel doccia. Fino al primo piano no ascensore e quindi 3 rampe di scale.Per la colazione bisogna andare al bar nella parte opposta della piazza della rotonda che offre poco e di scarsa qualitÃ ,;Habitual Travelers;TRAINING
"Siamo un gruppo di motociclisti (Motorustici) che ogni anno fine Maggio primi di Giugno, si prende una pausa da tutto (famiglia e lavoro) per qualche giorno. Quest'anno Sardegna, strade bellissime da moto, paesaggi stupendi, gente cordiale, insomma il Top.  Ho cercato su Tripadvisor ed Ã¨ spuntato Albergo diffuso Mannois. GiÃ  al telefono chi ti risponde ti fa capire che lavorano sereni.....quindi prenotiamo x 7 pax. Stanze in abitazioni recuperate e ristrutturate ""stile sardo"", pulite e fresche. Colazione alta qualitÃ  e abbondante, a buffet. Sa Turre (ristorante della struttura) con una cucina tradizionale, gustosa e con rapporto qualitÃ /prezzo giusti. Tutti i dipendenti giovani, allegri, disponibili, bravissimi......da 10. (come in Liguria!!!!)â€¦";Independent Travelers;TEST
Un meraviglioso gioiello incastonato nel centro storico di Orosei. Curato nei piÃ¹ piccoli dettagli, fortemente legato alle tradizioni senza essere banale e scontato. Gentilezza e professionalitÃ  fanno il resto. Molto comodo il servizio bike x raggiungere il loco piccolo stabilimento balneare. Esperienza che si ripeterÃ  tante tante volte .â€¦;Habitual Travelers;TRAINING
Abbiamo soggiornato in questo meraviglioso hotel diffuso per festeggiare una nostra importante ricorrenza. Le location sono incantevoli, curate nei dettagli, accoglienti e confortevoli;Researchers;TRAINING
Otto giorni come si deve in questo gioiellino, molto curato e accogliente. Al centro di una delle zone piÃ¹ interessanti della Sardegna. Ottimo. Colazione nella media. Camera con jacuzzi funzionante( merce rara al giorno dâ€™oggi) personale bravissimo.;Researchers;TEST
Bellissima struttura diffusa. consigliatissima.Ottimo anche il ristorante connesso Sa Turre posto sulla vetta di un torrione che domina l'intero paese di Orosei.Locale riservato e romantico, personale gentile e competente.;Researchers;TRAINING
"Nel 2014 avevo  soggiornato in questa struttura che mi aveva pienamente soddisfatta.  Orosei e il suo bel mare mi hanno  spinta a ripetere l'esperienza con mio marito e mia nipote di 12anni . Non ho avuto dubbi nel scegliere Mannois. Il concetto di albergo diffuso mi soddisfa pienamente, dislocato nel centro storico, ma funzionale , tutte le strutture sono a pochi minuti di distanza . Abbiamo alloggiato  a ""sa dommo"" in una ampia camera tripla con balcone con tavolino e poltrone , la cui pulizia era ineccepibile e profumatissima, il sonno fantastico. Se vogliamo l'unico neo il bagno senza aria  con ciÃ² che ne consegue. La colazione Ã¨ servita a Sa corte, casa madre,   in cui Ã¨ ubicata la reception: abbondante, varia,  con prodotti del territorio , dolci preparati dal cuoco ( torte, cannoli, paste, brioche ogni ben di Dio ) e salata ( ricotta, formaggi, salumi, uova, bacon ) frutta, succhi . Il personale Ã¨ numeroso, attento, simpatico, efficiente. Basta chiedere Ã¨ si Ã¨ accontentati. Altrettanto posso dire  di Emanuele, della straordinaria Emanuela prodighi di informazioni, suggerimenti, consigli sul territorio, sulle attivitÃ  , sui offerti. Solleciti, discreti, con professionalitÃ  straordinaria. L'albergo offre anche un valido servizio di biciclette, anche a pedalata assistita con cui Ã¨ agevole muoversi nel centro storico di Orosei, dove non Ã¨ facile parcheggiare,  e si percepisce un certo fastidio da parte degli abitanti nei confronti dei turisti. Non Ã¨ semplice aggirarsi in auto nelle strette viuzze del paese.  CiÃ² esula dal giudizio  ultra positivo sulla struttura. Vorrei fare un plauso al lido Mannois, perfettamente attrezzato,  pulito, ordinato ma soprattutto gestito da fantastici ragazzi  sorridenti, simpatici che aggiungevano valore al bello stabilimento balneare.Consiglio a chi cerca semplicitÃ  raffinata, senza ostentazione che non sia la qualitÃ  del servizio, la professionalitÃ , l'efficienza, l'onestÃ  nei prezzi per i servizi forniti. Un grande abbraccio a tutto il personale che ci ha fatto sentire in una grande famiglia.";Social Travelers;TRAINING
Un albergo, specialmente quello delle vacanze, deve evocarti sensazioni, emozioni...E quando si sceglie lâ€™albergo diffuso Mannois, una struttura ricettiva dislocata in edifici diversi, si ha anche la possibilitÃ  di â€œpersonalizzareâ€ le proprie emozioni. Ho deciso in loco di prolungare il mio soggiorno e, a causa di una prenotazione giÃ  confermata, ho avuto la possibilitÃ  di pernottare in una camera diversa dalla prima assegnata: ed Ã¨ proprio da questa mia esperienza che ho potuto assaporare unâ€™atmosfera diversa dalla prima. Sa Turre: una stanza luminosa e mediterranea, con una vista mozzafiato sui borghi di Orosei che si stendono a perdita dâ€™occhio fino al mare, arredi chiari e perfettamente in armonia con i giochi architettonici delle volte dei soffitti. Sa Corte: una stanza romantica e intima, con un balconcino che si affaccia sulla corte interna, sfondo indimenticabile per un aperitivo in attesa del tramonto, arredi minimal e architettura curata nel minimo dettaglio per conservare al massimo il fascino di quei borghi ricchi di charme.La prima colazione Ã¨ degna di un hotel lusso, con specialitÃ  di alta pasticceria e un ricchissimo buffet che saprÃ  accontentare anche i palati piÃ¹ esigenti. Non solo lo consiglierei vivamente, ma invito gli amici di TripAdvisor a visitare di persona questa sorprendente realtÃ  per ammirare con quanto amore per la propria terra e con quanta dedizione sono stati sapientemente ricostruite ambientazioni e architetture, partendo da vecchie e dismesse abitazioni e riprendendo pazientemente ogni piccolo particolare che potesse richiamare la loro iniziale condizione. Per un full immersion nella vera Sardegna che piano piano sta scomparendo. Eccellente rapporto qualitÃ  prezzo, personale attento e molto cordiale. Direi che definirlo hotel 4 stelle Ã¨ sicuramente riduttivo, perchÃ© i servizi offerti non hanno nulla da invidiare ad un resort piÃ¹ titolato.;Researchers;TRAINING
Piacevole struttura, personale cortesissimo, ben organizzato. Pulizia ed efficienza, buona base per le meravigliose escursioni nella zona. Silenziosa e tranquilla, consigliabile per soggiorni sia brevi ch lunghi. Buona la colazione. Suggerimenti? Attenzione al link con il ristorante Sa Turre, le luci nelle camere potrebbero essere migliorate, in particolare il lampione nel cortile.;Researchers;TRAINING
Anche se il tempo non Ã© stato dei migliori (pioveva a dirotto) abbiamo deciso di fare tutto il tragitto da Porto Torres fino a Orosei... 2 ore e mezza per godere di questo piccolo paradiso che ha mantenuto le promesse date. AllÂ´arrivo ha addirittura smesso di piovere ;Independent Travelers;TRAINING
Dormiamo ad Orosei dove siamo per la prima volta. Signora all'accoglienza molto gentile e disponibile. Camera molto carina, pulita e silenziosa. Accogliente.Ristorante chiuso perchÃ© fuori stagione ma i suggerimenti datici sono stati anche molto gentili ed interessanti. Da tener presente.;Independent Travelers;TEST
Albergo diffuso di immensa bellezza le stanze comprendono il bagno e sono curate nei minimi dettagli in stile sardo molto accoglienti e pulite e estremamente confortevoli. Viene servita una colazione a buffet molto varia e abbondante e tutto buonissimo. Consigliatissimo!!;Researchers;TEST
Abbiamo soggiornato qui per 4 notti e la nostra vacanza Ã¨ stata stupenda. La prima sera siamo arrivati in ritardo al check in e il ragazzo della reception si Ã¨ offerto di aspettarci per ben due ore!!I Ragazzi che lavorano in questoalbergo sono Gentilissimi e sempre disponibili, dalla signora che serviva i cappuccini alla mattina, a quelli della reception che ci davano sempre ottimi consigli su dove mangiare o cosa visitare. L'ultima sera, quando abbiamo detto alla ragazza della reception che saremmo partiti l'indomani prima della colazione si Ã¨ persino offerta di farci un pacco colazione da prenderci su per il viaggio! Che dire?? Meglio di cosÃ¬ non poteva andare! Staff fantastico!!;Social Travelers;TEST
Piacevole soggiorno per chi cerca privacy, indipendenza e qualitÃ . Ho soggiornato con il mio fidanzato nell'appartamento de luxe   : tutto nuovissimo, pulizia eccellente , stoviglie pulitissime e nuove , letto molto comodo e . stabile sapientemente ristrutturato, comodo per le varie escursioni e poi parcheggio pubblico adiacente , il centro si raggiunge tranquillamente a piedi,panetteria con prodotti freschi e deliziosi sotto casa, macelleria con con carni locali e bar. Stra-consigliato;Independent Travelers;TEST
Abbiamo soggiornato per 8 gg al Mannois sulla scorta delle ottime recensioni e perchÃ© preferiamo ogni anno scoprire zone che non conosciamo di questa meravigliosa isola. Pertanto la scelta Ã¨ ricaduta su Orosei.  L hotel Ã¨ molto curato con gusto nelle parti comuni  dove si puÃ² gustare un'eccellente colazione che puÃ² soddisfare tutti i gusti per varietÃ  e qualitÃ .  Bella la camera con pulizie giornaliere perfette. Simpaticissimo il servizio bike che ci ha consentito di raggiungere la spiaggia in circa 20 minuti  attraverso un bel percorso in buona parte pista ciclabile.  Servizio spiaggia perfetto comodissimo e con ombrelloni molto distanziati.  Personale di servizio professionale e gentilissimo tra  cui Anna regina delle colazioni che ci ha anche suggerito qualche percorso alternativo all interno che si Ã¨ rivelato perfetto. Il paese di Orosei Ã¨ stata una piacevole sorpresa con centro storico curato e grazioso con esercizi commerciali anche gradevoli. Consiglio anche la visita su spiagge limitrofe quale Su Barone, Bidderosa, Bircheda. Interessantissima la visita alla sorgente di Su Gologone (sempre suggerito da Anna).;Independent Travelers;TRAINING
inizio col scrivere che Davide il ragazzo che ci ha accolti nella struttura distaccata dell'hotel cioÃ¨ nel Loft, Ã¨ una persona GENTILISSIMA e molto disponibile, ci ha anche prenotato la minicrocera e il ristorante.il Loft Ã¨ un incanto, avevamo il numero 8, vista mare e montagna, camera arredata con gusto, veranda comodissima con frigo piano ad induzione microonde lavello e vari accessori essenziali, utilissimo per chi viaggia con bimbi piccoli come noi, preparando la pappa prima delle giornate passate al mare.letto comodissimo, culla fornita gratuitamente,   bagno molto grande e funzionale.L'intero alloggio pulito impeccabilmente, un 10 e lode.Sicuramente consiglierÃ² questo alloggio a chi vorrÃ  trascorrere una vacanza ad Orosei, sicuramente ci ritorneremo.un caro saluto a tutto lo staff e buon lavoroYlenia, Stefano Ã¨ Mattia;Social Travelers;TRAINING
Un soggiorno eccellente. Abbiamo scelto l hotel per la nostra luna di miele. Struttura incantevole per posizione ottima e scenario. Vista mare dalla colazione alla cena. Piscina da favola. Staff gentilissimo professionale e molto disponibile. Al nostro arrivo regalo di benvenuto molto gradito per la nostra luna di miele. Siamo stati aiutati nella scelta delle escursioni e ci hanno consigliato spiagge e locali. Ottimo il servizio di navetta. Grazie allo staff non vi dimenticheremo mai. A presto i novelli sposi Serena e Mattia.â€¦;Social Travelers;TRAINING
Hotel da classificare come il classico internazionale dotato di molte camere. La struttura Si trova in una zona panoramica, vicino alla parte industriale di Olbia, a pochi minuti dal centro.  Comodo se si Ã¨ in auto per girare le calette vicino Pittolungo e golfo Aranci, a mezzâ€™ora di auto si puÃ² andare a San Teodoro e Porto Cervo. Parcheggio un poâ€™ piccolino. Diciamo che La Piscina panoramica Ã¨ il suo punto di forza.  La Camera con terrazzo Ã¨ ampia e arredata di tutto il necessario, peccato che su un criterio di hotel 4 stelle sia la camera che il bagno siano un poâ€™ datati, doccia con vasca scomoda e abbiamo rinunciato a farci il bagno perchÃ© lâ€™acqua era gialla. Terrazza con bella vista su Olbia, ma con poca intimitÃ  in quanto il muretto confinante con la camera adiacente praticamente Ã¨ inesistente.  Il Personale Ã¨ stato gentile. La Colazione internazionale abbastanza ricca, anche se a mio giudizio troppo molto fai da te e con prodotti confezionati, la cosa positiva Ã¨ che si puÃ² fare con un ottima vista panoramica. Peccato che alcuna clientela non fosse molto educata, rovinando il momento relax della colazione.  Soggiorno tutto sommato positivo, ma non allâ€™altezza di altri 4 stelle della Sardegna, sia come struttura che come qualitÃ  prezzo. â€¦;Luxury Travelers;TEST
Sono andata a leggere le recensioni negative per capire cosa le persone avessero potuto trovare di sbagliato in questo albergo, e infatti sono totalmente fuorvianti. Raramente ho visto un posto tanto bello, camere comodissime (finalmente un letto con materasso matrimoniale!!!) con vista indimenticabile, kit cortesia con addirittura la crema doposole, bagno strapulito e acqua che arriva calda in un secondo. La cena ottima in unâ€™atmosfera raffinata, che allo stesso tempo non fa mai sentire lâ€™ospite a disagio, personale di una cortesia e discrezione rara. Per la cena sono attrezzati anche per i piÃ¹ piccoli con fogli da disegnare, matite colorate e piatti e bicchieri per bambini, hanno avuto unâ€™attenzione per il mio bimbo mai vista prima. Colazione spettacolare, con prodotti tipici, vista mare e piscina. Lâ€™unica cosa negativa che ho trovato di questo posto Ã¨ stata dover ripartire!â€¦;Social Travelers;TRAINING
Una serata in relax....Aperitivo di noi OLBIESI alternativo e panorama fantastico....personale professionale e cocktail fatti benissimo..Panorama Ã¨ solo da vederlo di persona,rilassante!!!Provare x credere...;Social Travelers;TEST
Ho soggiornato per alcuni giorni con mia figlia nel 2017.  Un hotel molto ben posizionato, dotato di tutti i confort. Personale gentilissimo e sempre attento ai bisogni del cliente.  Ristorante dell'hotel eccellente. Ci tornerÃ² sicruramente  per un soggiorno piÃ¹ lungo.;Habitual Travelers;TEST
Sicuramente l'hotel si trova in una posizione privilegiata e gode di una vista mozzafiato.La piscina Ã¨ il punto forte di questa struttura (basta guardare le foto, non servono altre parole!) Il giardino, cosÃ¬ come tutti gli spazi sia esterni sia interni Ã¨ curato nei minimi dettagli.Abbiamo avuto l'opportunitÃ  di soggiornare in una suite davvero favolosa! Due piani, due bagni e due grandi terrazzi con vista sul porto e accesso diretto alla piscina. Il tutto accuratamente pulito e ordinato.Ci siamo sentiti davvero a casa! Il personale dell'hotel Ã¨ davvero molto gentile e disponibile ad ogni richiesta.La colazione Ã¨ davvero infinita: ogni tipo di dolce,  biscotti, marmellate, succhi di frutta, yoghurt, affettati, uova, bacon e tante altre cose..Abbiamo anche pranzato nel ristorante dell'hotel e abbiamo mangiato davvero molto bene!Hotel consigliatissimo!;Researchers;TRAINING
Tutte le camere dell'hotel sono fantastiche ma non dovete perdervi la suite, vale ogni singolo euro speso. Ha l'accesso diretto in piscina, veranda con 3 lettini, soppalco con seconda zona notte e bagno separato. Ha la doppia vista: su Olbia e il tramonto e su tavolara el'alba. Regalatevi questo sogno. Colazione da 10 e lode, personale al top. Flavia;Luxury Travelers;TEST
Semplicemente perfetto! Personale gentilissimo, camere pulitissime, colazione abbondante e buffet sempre rifornito, piscina ampia con vista panoramica, parcheggio disponibile in loco e rapporto qualitÃ  prezzo perfetto! Grazie per il bel soggiorno!;Value Seekers;TEST
Ci,sono stata per lavoro, purtroppo una notte e via...ma la mattina presto .... uno spettacolo... la colazione sulla veranda: bellissima! Un appunto ma per una coerenza con la categoria dell'Hotel: la colazione dovrebbe essere piÃ¹ accurata, con una presentazione migliore ... il latte NON era FRESCO ma alunga conservazione: un peccato! Gli affettati, i,formaggi disposti male, e non davano 'valore'all'Hotel!,;Luxury Travelers;TEST
Abbiamo alloggiato la prima settimana di agosto. Confermo tutte le recensioni positive. Il rapporto qualitÃ  prezzo tutto sommato va bene. Eravamo con la formula pernotto e colazione, ed abbiamo inoltre usufruito del ristorante a pranzo un paio di volte. Ci siamo trovati molto bene, il personale sempre gentile e disponibile pulizia adeguata. Un pÃ² vetusta la moquette nei corridoi. Posizione strategica,  zona piscina con panorama mozzafiato. Consigliato.;Value Seekers;TRAINING
Tornerei e consiglierei questo albergo. Il personale Ã¨ gentile e disponibile. Camera pulita abbastanza grande e chiara. Nel nostro caso con vista sul porto di Olbia. Il prezzo per il mese di Giugno ok;Value Seekers;TEST
Posizione eccezionale, camere pulite e abbastanza spaziose, personale molto gentile e disponibile, piscina fantastica. Cibo ottimo. Vista sul porto di Olbia in lontananza molto suggestiva, soprattutto la sera. Ottimo punto di partenza per visitare  la  Costa Smeralda. Torneremo certamente.;Researchers;TRAINING
Che dire lâ€™hotel Ã¨ situato in unvuna posizione stupenda!La camera Ã¨ silenziosa,il letto comodo,i camerieri gentilissimi,il personale della camera e alla reception anche!La PISCINAAAAAðŸ’™ðŸ˜sconfina il blu cn lo smeraldo del maree..tto intorno il prato verde,il cielo azzurro,i fiori,il profumo del mirto ovunque!Al ristorante abbiamo cenato1volta la sera della cena tipica sarda,servizio impeccabile,qualitÃ  eccellente.Colazione ottima si fa davanti alla piscina..insomma un paradiso,per la spiaggia câ€™Ã¨ la comodissima navetta..tornerei subito!!;Luxury Travelers;TEST
LÂ´hotel si trova sulla strada che porta al golfo aranci, una piccola collina che sovrasta il porto di Olbia. Circondato da un bel parco e con una piscina spettacolare a vista sul mare. Camere grandi, pulite e confortevoli. Hotel molto tranquillo. Colazione ricca, sia salata che dolce. Personale molto gentile e disponibile. Ottimo servizio navetta, gratuito, da e per lÂ´aeroporto.LÂ´unico neo sono i prezzi del ristorante e bar che trovo veramente eccessivi. Per muoversi fuori dallÂ´hotel la macchina eÂ´ dÂ´obbligo. Con prezzi piuÂ´ bassi sarebbe un hotel al TOP. Comunque consigliato per un breve soggiorno.;Value Seekers;TEST
Ho soggiornato in questo hotel per nove giorni. Tutto funziona benissimo. Efficienza nel check-in, buon servizio, meravigliosa colazione con dolci fatti in casa e abbondante scelta di salato, bevande. Ma il pezzo forte che, oserei dire, vale metÃ  soggiorno Ã¨ la piscina! Da sogno! Infinita, in posizione panoramica....;Value Seekers;TRAINING
Bellissimo hotel per chi vuole rilassarsi immerso nel verde e a pochi minuti di navetta (gratuita) dalla spiaggia di Pittulongu. Personale disponibile e cordiale! Stanze pulite, cibo ottimo, vista fantastica, piscina top.Consigliatissimo!;Value Seekers;TEST
Ho soggiornato in questo hotel 2 notti  con mio marito per festeggiare il nostro primo anniversario di nozze. Siamo arrivati prima dell'orario previsto del check-in e con grande sorpresa la nostra camera era giÃ  pronta! La piscina Ã© senz'altro il punto di forza dell'hotel.. non ci sono parole per descrivere l'immensitÃ  del paesaggio che si ammira dalla piscina..tutto molto suggestivo! La colazione Ã© ricca e di qualitÃ , impossibile non essere soddisfatti.. c'Ã¨ veramente di tutto! Abbiamo pranzato con salmone fresco alla griglia e  con patate al forno e insalata e calamari freschi. Tutto buonissimo, abbondante ed economico (13 euro a piatto). Il personale Ã¨ simpaticissimo,educato, professionale e pronto a soddisfare ogni richiesta del cliente. Questo hotel merita le molto piÃ¹ di 5 stelle se fosse possibile! Complimenti vivissimi.. ci ritorneremo sicuramente!;Value Seekers;TEST
Ambiente bello e molto pulito.Servizio veloce ma alcuni camerieri molto accigliati..... in questo lavoro Ã¨ importantissima la presenza di personale garbato e sorridente e qui questo non Ã¨ stato tale.Il pranzo abbastanza soddisfacente......non ho trovato nulla perÃ² di eccezionale!!!;Social Travelers;TEST